date,store_id,product_id,sales,forecast_sales
2023-12-01,1,1,96,78.15661
2023-12-02,1,1,95,99.14043
2023-12-03,1,1,89,98.05398
2023-12-04,1,1,77,79.15723
2023-12-05,1,1,79,78.48147
2023-12-06,1,1,77,74.07863
2023-12-07,1,1,79,70.201416
2023-12-08,1,1,77,75.47703
2023-12-09,1,1,82,99.552536
2023-12-10,1,1,101,93.64532
2023-12-11,1,1,69,77.60408
2023-12-12,1,1,84,75.27997
2023-12-13,1,1,75,77.43456
2023-12-14,1,1,70,74.55046
2023-12-15,1,1,74,72.377106
2023-12-16,1,1,100,90.675705
2023-12-17,1,1,111,99.48293
2023-12-18,1,1,90,77.01812
2023-12-19,1,1,71,78.84055
2023-12-20,1,1,85,77.40817
2023-12-21,1,1,70,77.95049
2023-12-22,1,1,81,77.57782
2023-12-23,1,1,107,106.23003
2023-12-24,1,1,226,181.86543
2023-12-25,1,1,72,77.42123
2023-12-26,1,1,74,82.00656
2023-12-27,1,1,86,79.25252
2023-12-28,1,1,91,80.485756
2023-12-29,1,1,65,79.923676
2023-12-30,1,1,114,108.8586
2023-12-31,1,1,118,96.29224
2023-12-01,1,2,29,31.6704
2023-12-02,1,2,30,40.910038
2023-12-03,1,2,36,36.107548
2023-12-04,1,2,30,29.962887
2023-12-05,1,2,30,30.071434
2023-12-06,1,2,29,29.096268
2023-12-07,1,2,31,29.033459
2023-12-08,1,2,29,28.595642
2023-12-09,1,2,40,34.932655
2023-12-10,1,2,37,37.280907
2023-12-11,1,2,32,30.669315
2023-12-12,1,2,31,30.844261
2023-12-13,1,2,32,29.85775
2023-12-14,1,2,31,30.878532
2023-12-15,1,2,31,30.053864
2023-12-16,1,2,40,37.825394
2023-12-17,1,2,36,38.34022
2023-12-18,1,2,32,31.010868
2023-12-19,1,2,28,31.230999
2023-12-20,1,2,29,30.995125
2023-12-21,1,2,26,30.357254
2023-12-22,1,2,30,30.357254
2023-12-23,1,2,44,37.95878
2023-12-24,1,2,72,70.17298
2023-12-25,1,2,27,30.245956
2023-12-26,1,2,29,30.360294
2023-12-27,1,2,28,29.411045
2023-12-28,1,2,30,28.032757
2023-12-29,1,2,23,28.032757
2023-12-30,1,2,37,40.114967
2023-12-31,1,2,45,41.25126
2023-12-01,1,3,101,111.17222
2023-12-02,1,3,142,129.63678
2023-12-03,1,3,146,130.57387
2023-12-04,1,3,99,114.67525
2023-12-05,1,3,97,108.22413
2023-12-06,1,3,105,108.28505
2023-12-07,1,3,101,107.44454
2023-12-08,1,3,108,100.452965
2023-12-09,1,3,138,133.63644
2023-12-10,1,3,129,135.53268
2023-12-11,1,3,102,102.407234
2023-12-12,1,3,87,99.32195
2023-12-13,1,3,122,96.64058
2023-12-14,1,3,104,95.61805
2023-12-15,1,3,106,98.44649
2023-12-16,1,3,119,126.19719
2023-12-17,1,3,131,128.57918
2023-12-18,1,3,103,100.79836
2023-12-19,1,3,105,102.73309
2023-12-20,1,3,104,106.199265
2023-12-21,1,3,107,100.95616
2023-12-22,1,3,114,84.831085
2023-12-23,1,3,126,128.28253
2023-12-24,1,3,298,278.66638
2023-12-25,1,3,86,91.353065
2023-12-26,1,3,101,107.265594
2023-12-27,1,3,115,108.58254
2023-12-28,1,3,98,107.526405
2023-12-29,1,3,101,107.624275
2023-12-30,1,3,114,132.74002
2023-12-31,1,3,145,135.37871
2023-12-01,1,4,89,89.139
2023-12-02,1,4,106,109.134865
2023-12-03,1,4,92,104.07419
2023-12-04,1,4,83,89.37892
2023-12-05,1,4,83,86.38524
2023-12-06,1,4,90,87.74577
2023-12-07,1,4,91,89.042114
2023-12-08,1,4,92,81.86816
2023-12-09,1,4,112,93.97591
2023-12-10,1,4,109,103.16184
2023-12-11,1,4,109,82.599106
2023-12-12,1,4,0,86.66305
2023-12-13,1,4,85,78.33087
2023-12-14,1,4,75,82.025826
2023-12-15,1,4,72,82.188545
2023-12-16,1,4,113,100.326744
2023-12-17,1,4,120,95.46423
2023-12-18,1,4,101,88.51593
2023-12-19,1,4,84,85.81951
2023-12-20,1,4,83,82.84436
2023-12-21,1,4,89,82.36867
2023-12-22,1,4,74,83.04661
2023-12-23,1,4,108,112.217926
2023-12-24,1,4,226,225.90707
2023-12-25,1,4,89,85.3035
2023-12-26,1,4,79,83.12505
2023-12-27,1,4,64,81.72653
2023-12-28,1,4,90,81.72653
2023-12-29,1,4,102,82.34248
2023-12-30,1,4,115,110.36857
2023-12-31,1,4,121,98.168144
2023-12-01,1,5,40,36.56218
2023-12-02,1,5,39,45.056103
2023-12-03,1,5,57,42.464024
2023-12-04,1,5,39,37.125526
2023-12-05,1,5,36,39.409527
2023-12-06,1,5,46,38.373745
2023-12-07,1,5,37,40.61088
2023-12-08,1,5,38,37.690296
2023-12-09,1,5,54,45.987026
2023-12-10,1,5,40,52.115932
2023-12-11,1,5,33,38.19303
2023-12-12,1,5,41,36.932354
2023-12-13,1,5,35,40.152176
2023-12-14,1,5,38,34.855026
2023-12-15,1,5,36,35.763298
2023-12-16,1,5,44,49.849915
2023-12-17,1,5,43,43.794617
2023-12-18,1,5,37,35.5099
2023-12-19,1,5,31,37.76877
2023-12-20,1,5,37,35.051044
2023-12-21,1,5,37,35.471695
2023-12-22,1,5,36,35.10034
2023-12-23,1,5,42,47.30552
2023-12-24,1,5,111,83.56654
2023-12-25,1,5,39,40.45454
2023-12-26,1,5,38,39.9499
2023-12-27,1,5,37,39.83134
2023-12-28,1,5,36,39.12465
2023-12-29,1,5,38,38.823902
2023-12-30,1,5,59,51.32194
2023-12-31,1,5,40,55.250576
2023-12-01,1,6,118,113.912
2023-12-02,1,6,181,133.06364
2023-12-03,1,6,168,133.37555
2023-12-04,1,6,125,126.35232
2023-12-05,1,6,140,119.38085
2023-12-06,1,6,113,124.04305
2023-12-07,1,6,108,120.87108
2023-12-08,1,6,121,118.833275
2023-12-09,1,6,149,153.04921
2023-12-10,1,6,170,159.10448
2023-12-11,1,6,105,120.70733
2023-12-12,1,6,109,125.58499
2023-12-13,1,6,110,114.089424
2023-12-14,1,6,113,113.55849
2023-12-15,1,6,122,113.5745
2023-12-16,1,6,149,143.59018
2023-12-17,1,6,144,153.0134
2023-12-18,1,6,98,115.55162
2023-12-19,1,6,115,113.91768
2023-12-20,1,6,127,116.01428
2023-12-21,1,6,139,115.013504
2023-12-22,1,6,111,117.96695
2023-12-23,1,6,130,156.79971
2023-12-24,1,6,257,284.42868
2023-12-25,1,6,118,124.837
2023-12-26,1,6,100,119.2048
2023-12-27,1,6,108,117.26288
2023-12-28,1,6,130,119.735
2023-12-29,1,6,115,115.24728
2023-12-30,1,6,142,150.76413
2023-12-31,1,6,154,154.06476
2023-12-01,1,7,118,114.36029
2023-12-02,1,7,155,135.10718
2023-12-03,1,7,185,143.58093
2023-12-04,1,7,134,128.01561
2023-12-05,1,7,119,122.4687
2023-12-06,1,7,116,121.970024
2023-12-07,1,7,112,119.40635
2023-12-08,1,7,123,122.43544
2023-12-09,1,7,164,155.36818
2023-12-10,1,7,182,162.04044
2023-12-11,1,7,102,126.24825
2023-12-12,1,7,129,121.07243
2023-12-13,1,7,128,120.78887
2023-12-14,1,7,112,119.70296
2023-12-15,1,7,129,118.806946
2023-12-16,1,7,155,155.15416
2023-12-17,1,7,154,161.74869
2023-12-18,1,7,125,118.08729
2023-12-19,1,7,130,115.024216
2023-12-20,1,7,118,120.81364
2023-12-21,1,7,131,121.0389
2023-12-22,1,7,128,123.11423
2023-12-23,1,7,157,171.62636
2023-12-24,1,7,262,302.1798
2023-12-25,1,7,126,126.432304
2023-12-26,1,7,107,122.70344
2023-12-27,1,7,113,122.56648
2023-12-28,1,7,127,121.41854
2023-12-29,1,7,114,122.83105
2023-12-30,1,7,185,169.24947
2023-12-31,1,7,167,163.95369
2023-12-01,1,8,104,111.256065
2023-12-02,1,8,156,127.09879
2023-12-03,1,8,143,133.067
2023-12-04,1,8,113,112.96928
2023-12-05,1,8,100,104.95803
2023-12-06,1,8,99,106.57506
2023-12-07,1,8,126,109.4513
2023-12-08,1,8,107,105.648254
2023-12-09,1,8,145,119.10804
2023-12-10,1,8,141,136.55026
2023-12-11,1,8,86,110.76898
2023-12-12,1,8,118,104.15558
2023-12-13,1,8,118,107.34224
2023-12-14,1,8,109,105.20985
2023-12-15,1,8,106,104.89574
2023-12-16,1,8,140,134.48895
2023-12-17,1,8,128,123.49128
2023-12-18,1,8,114,106.114296
2023-12-19,1,8,102,112.552536
2023-12-20,1,8,115,108.02202
2023-12-21,1,8,99,108.04281
2023-12-22,1,8,90,109.74598
2023-12-23,1,8,137,133.74391
2023-12-24,1,8,279,265.36325
2023-12-25,1,8,102,101.50225
2023-12-26,1,8,109,105.93306
2023-12-27,1,8,104,107.42306
2023-12-28,1,8,102,107.39148
2023-12-29,1,8,100,108.111885
2023-12-30,1,8,151,146.83824
2023-12-31,1,8,161,143.52266
2023-12-01,1,9,102,109.14126
2023-12-02,1,9,146,129.28256
2023-12-03,1,9,144,130.5254
2023-12-04,1,9,100,113.42114
2023-12-05,1,9,100,106.77634
2023-12-06,1,9,123,106.1062
2023-12-07,1,9,98,109.64871
2023-12-08,1,9,108,100.760376
2023-12-09,1,9,146,135.69792
2023-12-10,1,9,160,136.59772
2023-12-11,1,9,107,108.23865
2023-12-12,1,9,96,109.084335
2023-12-13,1,9,121,97.13457
2023-12-14,1,9,107,106.4274
2023-12-15,1,9,106,100.46493
2023-12-16,1,9,139,134.67078
2023-12-17,1,9,132,131.47899
2023-12-18,1,9,96,108.805336
2023-12-19,1,9,93,106.00704
2023-12-20,1,9,111,109.86238
2023-12-21,1,9,105,106.52851
2023-12-22,1,9,105,101.30534
2023-12-23,1,9,143,137.15273
2023-12-24,1,9,275,283.70096
2023-12-25,1,9,109,98.10566
2023-12-26,1,9,89,105.81226
2023-12-27,1,9,86,106.41436
2023-12-28,1,9,112,103.10642
2023-12-29,1,9,110,107.87016
2023-12-30,1,9,145,141.77673
2023-12-31,1,9,164,142.67325
2023-12-01,1,10,135,125.31856
2023-12-02,1,10,174,139.74191
2023-12-03,1,10,141,150.99391
2023-12-04,1,10,117,127.90628
2023-12-05,1,10,129,119.44465
2023-12-06,1,10,133,120.83343
2023-12-07,1,10,111,121.07005
2023-12-08,1,10,121,126.768166
2023-12-09,1,10,155,155.5406
2023-12-10,1,10,151,155.15492
2023-12-11,1,10,113,121.2018
2023-12-12,1,10,120,119.75301
2023-12-13,1,10,135,128.41708
2023-12-14,1,10,107,117.11482
2023-12-15,1,10,115,115.52841
2023-12-16,1,10,159,156.7916
2023-12-17,1,10,161,158.40288
2023-12-18,1,10,106,118.731895
2023-12-19,1,10,133,116.85004
2023-12-20,1,10,110,125.05207
2023-12-21,1,10,107,120.02598
2023-12-22,1,10,114,120.55188
2023-12-23,1,10,165,160.19545
2023-12-24,1,10,325,317.47388
2023-12-25,1,10,121,125.616486
2023-12-26,1,10,113,124.49775
2023-12-27,1,10,121,125.07287
2023-12-28,1,10,117,125.88456
2023-12-29,1,10,99,124.1351
2023-12-30,1,10,165,169.5818
2023-12-31,1,10,142,167.54541
2023-12-01,2,1,66,54.735065
2023-12-02,2,1,73,70.37176
2023-12-03,2,1,74,68.71463
2023-12-04,2,1,62,55.621094
2023-12-05,2,1,67,53.171173
2023-12-06,2,1,65,56.05165
2023-12-07,2,1,69,59.22363
2023-12-08,2,1,69,60.63659
2023-12-09,2,1,72,79.38107
2023-12-10,2,1,73,75.84063
2023-12-11,2,1,62,60.36107
2023-12-12,2,1,0,62.316395
2023-12-13,2,1,62,57.43621
2023-12-14,2,1,48,60.04764
2023-12-15,2,1,61,60.04764
2023-12-16,2,1,74,71.98758
2023-12-17,2,1,69,69.19665
2023-12-18,2,1,62,54.411934
2023-12-19,2,1,58,53.750004
2023-12-20,2,1,58,57.244186
2023-12-21,2,1,61,56.806087
2023-12-22,2,1,57,58.648994
2023-12-23,2,1,80,78.78505
2023-12-24,2,1,169,136.15572
2023-12-25,2,1,61,58.117104
2023-12-26,2,1,57,55.006065
2023-12-27,2,1,57,54.576756
2023-12-28,2,1,58,55.749245
2023-12-29,2,1,63,56.848854
2023-12-30,2,1,74,75.988686
2023-12-31,2,1,89,68.37961
2023-12-01,2,2,27,24.844835
2023-12-02,2,2,29,36.07828
2023-12-03,2,2,30,30.304329
2023-12-04,2,2,23,25.040157
2023-12-05,2,2,25,24.030518
2023-12-06,2,2,20,22.786427
2023-12-07,2,2,23,25.43253
2023-12-08,2,2,22,24.909393
2023-12-09,2,2,28,29.130283
2023-12-10,2,2,30,29.622963
2023-12-11,2,2,18,24.603233
2023-12-12,2,2,24,24.505936
2023-12-13,2,2,22,22.583668
2023-12-14,2,2,23,24.06882
2023-12-15,2,2,23,22.89027
2023-12-16,2,2,31,28.491005
2023-12-17,2,2,32,28.8651
2023-12-18,2,2,21,22.066048
2023-12-19,2,2,21,24.641853
2023-12-20,2,2,24,22.791332
2023-12-21,2,2,25,24.468037
2023-12-22,2,2,21,24.89143
2023-12-23,2,2,28,32.0596
2023-12-24,2,2,67,66.89072
2023-12-25,2,2,24,22.754154
2023-12-26,2,2,23,22.34639
2023-12-27,2,2,27,22.798676
2023-12-28,2,2,25,22.037102
2023-12-29,2,2,20,21.161655
2023-12-30,2,2,25,27.019314
2023-12-31,2,2,33,27.999115
2023-12-01,2,3,68,72.33613
2023-12-02,2,3,88,90.188736
2023-12-03,2,3,109,87.561165
2023-12-04,2,3,83,76.70529
2023-12-05,2,3,66,78.61218
2023-12-06,2,3,87,71.63876
2023-12-07,2,3,72,72.56903
2023-12-08,2,3,98,75.01743
2023-12-09,2,3,99,93.358055
2023-12-10,2,3,116,98.49762
2023-12-11,2,3,80,76.51401
2023-12-12,2,3,73,81.54547
2023-12-13,2,3,69,76.01072
2023-12-14,2,3,79,79.33817
2023-12-15,2,3,66,82.90221
2023-12-16,2,3,104,100.88577
2023-12-17,2,3,115,100.540886
2023-12-18,2,3,66,75.94949
2023-12-19,2,3,81,79.86989
2023-12-20,2,3,70,78.22372
2023-12-21,2,3,91,77.65852
2023-12-22,2,3,77,77.59155
2023-12-23,2,3,130,108.084236
2023-12-24,2,3,198,174.63757
2023-12-25,2,3,88,83.17002
2023-12-26,2,3,73,82.48283
2023-12-27,2,3,79,81.31951
2023-12-28,2,3,75,82.38191
2023-12-29,2,3,90,81.309296
2023-12-30,2,3,97,103.37733
2023-12-31,2,3,89,93.35675
2023-12-01,2,4,59,69.23916
2023-12-02,2,4,91,79.73312
2023-12-03,2,4,89,78.30705
2023-12-04,2,4,62,67.67381
2023-12-05,2,4,68,69.120026
2023-12-06,2,4,83,62.89282
2023-12-07,2,4,58,65.99457
2023-12-08,2,4,61,65.880226
2023-12-09,2,4,86,89.71194
2023-12-10,2,4,89,88.33962
2023-12-11,2,4,64,66.23176
2023-12-12,2,4,67,67.76325
2023-12-13,2,4,69,72.01285
2023-12-14,2,4,54,64.74324
2023-12-15,2,4,61,64.83237
2023-12-16,2,4,89,87.3057
2023-12-17,2,4,96,86.3527
2023-12-18,2,4,66,65.45373
2023-12-19,2,4,83,66.97815
2023-12-20,2,4,76,68.0239
2023-12-21,2,4,57,68.72695
2023-12-22,2,4,74,68.30978
2023-12-23,2,4,87,95.16744
2023-12-24,2,4,146,179.76942
2023-12-25,2,4,72,69.04441
2023-12-26,2,4,70,69.19211
2023-12-27,2,4,75,68.40239
2023-12-28,2,4,69,68.37101
2023-12-29,2,4,63,68.40239
2023-12-30,2,4,80,88.31175
2023-12-31,2,4,86,91.47691
2023-12-01,2,5,31,28.786543
2023-12-02,2,5,37,40.702915
2023-12-03,2,5,33,35.417747
2023-12-04,2,5,30,30.874847
2023-12-05,2,5,26,30.025654
2023-12-06,2,5,33,29.035519
2023-12-07,2,5,26,28.974918
2023-12-08,2,5,27,29.963528
2023-12-09,2,5,38,36.231266
2023-12-10,2,5,35,35.162895
2023-12-11,2,5,30,29.001026
2023-12-12,2,5,29,28.552345
2023-12-13,2,5,28,29.544262
2023-12-14,2,5,29,27.394619
2023-12-15,2,5,25,27.394619
2023-12-16,2,5,37,34.293007
2023-12-17,2,5,43,34.12646
2023-12-18,2,5,32,28.99009
2023-12-19,2,5,28,29.184368
2023-12-20,2,5,26,29.384983
2023-12-21,2,5,23,28.802624
2023-12-22,2,5,28,27.93377
2023-12-23,2,5,38,37.14858
2023-12-24,2,5,77,69.97258
2023-12-25,2,5,25,30.31805
2023-12-26,2,5,28,30.37178
2023-12-27,2,5,27,29.576687
2023-12-28,2,5,23,28.10485
2023-12-29,2,5,25,28.10485
2023-12-30,2,5,40,37.777504
2023-12-31,2,5,35,42.50244
2023-12-01,2,6,81,90.838135
2023-12-02,2,6,102,113.75538
2023-12-03,2,6,106,107.88841
2023-12-04,2,6,82,86.163704
2023-12-05,2,6,104,84.719185
2023-12-06,2,6,97,84.79118
2023-12-07,2,6,96,87.16783
2023-12-08,2,6,73,77.85235
2023-12-09,2,6,98,112.86669
2023-12-10,2,6,128,108.21162
2023-12-11,2,6,90,87.04711
2023-12-12,2,6,93,90.25376
2023-12-13,2,6,87,89.8267
2023-12-14,2,6,89,86.224434
2023-12-15,2,6,89,82.04264
2023-12-16,2,6,95,112.47527
2023-12-17,2,6,126,114.10528
2023-12-18,2,6,77,86.02501
2023-12-19,2,6,81,88.8203
2023-12-20,2,6,66,84.02348
2023-12-21,2,6,86,82.635185
2023-12-22,2,6,105,82.635185
2023-12-23,2,6,101,113.28758
2023-12-24,2,6,241,228.4761
2023-12-25,2,6,103,71.36508
2023-12-26,2,6,71,85.58629
2023-12-27,2,6,95,82.813095
2023-12-28,2,6,74,89.82083
2023-12-29,2,6,70,87.59115
2023-12-30,2,6,112,106.16403
2023-12-31,2,6,111,105.19472
2023-12-01,2,7,88,93.066765
2023-12-02,2,7,123,116.43469
2023-12-03,2,7,123,106.9703
2023-12-04,2,7,84,88.69811
2023-12-05,2,7,90,91.61338
2023-12-06,2,7,87,84.928085
2023-12-07,2,7,82,87.93738
2023-12-08,2,7,90,82.50844
2023-12-09,2,7,123,119.36179
2023-12-10,2,7,103,114.75505
2023-12-11,2,7,97,85.24876
2023-12-12,2,7,95,88.852974
2023-12-13,2,7,92,86.66717
2023-12-14,2,7,113,85.49766
2023-12-15,2,7,93,91.112785
2023-12-16,2,7,106,117.461235
2023-12-17,2,7,128,114.11445
2023-12-18,2,7,83,92.95258
2023-12-19,2,7,89,92.74425
2023-12-20,2,7,81,90.341415
2023-12-21,2,7,82,93.34485
2023-12-22,2,7,82,87.71736
2023-12-23,2,7,114,113.52698
2023-12-24,2,7,271,253.60075
2023-12-25,2,7,91,82.57883
2023-12-26,2,7,109,90.49146
2023-12-27,2,7,94,88.11176
2023-12-28,2,7,99,88.11176
2023-12-29,2,7,84,94.56859
2023-12-30,2,7,122,124.3472
2023-12-31,2,7,108,126.45617
2023-12-01,2,8,82,76.99011
2023-12-02,2,8,96,101.606804
2023-12-03,2,8,100,102.615654
2023-12-04,2,8,96,85.41323
2023-12-05,2,8,78,81.920616
2023-12-06,2,8,86,76.32828
2023-12-07,2,8,79,83.05525
2023-12-08,2,8,78,77.0484
2023-12-09,2,8,103,102.78215
2023-12-10,2,8,94,103.03611
2023-12-11,2,8,74,81.628426
2023-12-12,2,8,78,76.25063
2023-12-13,2,8,93,75.688866
2023-12-14,2,8,86,77.42664
2023-12-15,2,8,84,78.23763
2023-12-16,2,8,106,108.61383
2023-12-17,2,8,93,102.64599
2023-12-18,2,8,82,80.97968
2023-12-19,2,8,74,80.9901
2023-12-20,2,8,80,83.380295
2023-12-21,2,8,83,80.460434
2023-12-22,2,8,84,79.56497
2023-12-23,2,8,97,107.900795
2023-12-24,2,8,208,194.52579
2023-12-25,2,8,64,81.18567
2023-12-26,2,8,83,80.5811
2023-12-27,2,8,98,81.556
2023-12-28,2,8,68,81.556
2023-12-29,2,8,87,81.556
2023-12-30,2,8,92,110.351685
2023-12-31,2,8,111,96.7956
2023-12-01,2,9,76,80.7451
2023-12-02,2,9,97,100.8203
2023-12-03,2,9,117,98.511345
2023-12-04,2,9,63,83.59936
2023-12-05,2,9,77,82.17188
2023-12-06,2,9,82,75.589836
2023-12-07,2,9,73,80.75175
2023-12-08,2,9,80,76.1231
2023-12-09,2,9,124,98.91439
2023-12-10,2,9,100,104.16899
2023-12-11,2,9,80,79.33352
2023-12-12,2,9,86,79.35802
2023-12-13,2,9,75,77.58372
2023-12-14,2,9,81,78.72401
2023-12-15,2,9,63,78.96465
2023-12-16,2,9,103,107.30789
2023-12-17,2,9,108,101.36526
2023-12-18,2,9,93,80.04476
2023-12-19,2,9,84,80.62683
2023-12-20,2,9,65,80.72868
2023-12-21,2,9,104,78.6894
2023-12-22,2,9,92,81.370766
2023-12-23,2,9,102,113.82079
2023-12-24,2,9,211,218.01448
2023-12-25,2,9,71,81.30943
2023-12-26,2,9,74,81.3258
2023-12-27,2,9,97,80.672264
2023-12-28,2,9,78,83.06333
2023-12-29,2,9,89,80.69853
2023-12-30,2,9,110,110.86727
2023-12-31,2,9,109,96.77582
2023-12-01,2,10,83,95.84651
2023-12-02,2,10,107,109.62116
2023-12-03,2,10,138,111.36509
2023-12-04,2,10,107,89.82539
2023-12-05,2,10,78,90.15643
2023-12-06,2,10,99,93.13308
2023-12-07,2,10,0,98.467125
2023-12-08,2,10,104,78.57318
2023-12-09,2,10,114,111.76015
2023-12-10,2,10,129,122.17424
2023-12-11,2,10,92,94.37037
2023-12-12,2,10,92,85.99282
2023-12-13,2,10,70,89.77076
2023-12-14,2,10,108,89.41817
2023-12-15,2,10,89,90.570335
2023-12-16,2,10,103,116.826515
2023-12-17,2,10,117,110.69269
2023-12-18,2,10,89,78.78865
2023-12-19,2,10,86,86.64586
2023-12-20,2,10,95,84.16594
2023-12-21,2,10,90,92.89166
2023-12-22,2,10,88,84.02703
2023-12-23,2,10,128,112.89477
2023-12-24,2,10,236,242.57622
2023-12-25,2,10,89,71.109314
2023-12-26,2,10,78,88.085884
2023-12-27,2,10,92,85.161835
2023-12-28,2,10,104,86.75772
2023-12-29,2,10,101,90.07381
2023-12-30,2,10,119,117.6615
2023-12-31,2,10,129,108.18276
2023-12-01,3,1,109,111.25851
2023-12-02,3,1,148,126.71866
2023-12-03,3,1,119,134.90407
2023-12-04,3,1,116,111.598694
2023-12-05,3,1,91,107.42879
2023-12-06,3,1,111,108.80005
2023-12-07,3,1,117,108.185585
2023-12-08,3,1,94,104.65035
2023-12-09,3,1,119,131.16942
2023-12-10,3,1,135,121.876915
2023-12-11,3,1,109,106.43304
2023-12-12,3,1,110,102.07867
2023-12-13,3,1,97,105.11621
2023-12-14,3,1,106,100.13689
2023-12-15,3,1,118,94.15046
2023-12-16,3,1,124,133.25594
2023-12-17,3,1,147,133.54277
2023-12-18,3,1,93,108.430046
2023-12-19,3,1,108,108.32951
2023-12-20,3,1,124,106.15159
2023-12-21,3,1,103,106.772995
2023-12-22,3,1,117,111.23556
2023-12-23,3,1,151,135.24174
2023-12-24,3,1,299,270.49353
2023-12-25,3,1,114,111.50487
2023-12-26,3,1,103,112.51537
2023-12-27,3,1,106,109.19387
2023-12-28,3,1,89,112.727394
2023-12-29,3,1,111,111.49511
2023-12-30,3,1,120,138.09238
2023-12-31,3,1,139,135.51234
2023-12-01,3,2,34,41.60879
2023-12-02,3,2,54,54.183926
2023-12-03,3,2,50,48.072834
2023-12-04,3,2,43,40.1448
2023-12-05,3,2,43,39.47162
2023-12-06,3,2,55,40.42044
2023-12-07,3,2,42,42.430195
2023-12-08,3,2,43,41.117535
2023-12-09,3,2,42,56.538982
2023-12-10,3,2,49,54.611084
2023-12-11,3,2,48,42.285614
2023-12-12,3,2,40,43.401703
2023-12-13,3,2,38,45.891018
2023-12-14,3,2,39,40.58842
2023-12-15,3,2,43,40.52781
2023-12-16,3,2,50,48.63214
2023-12-17,3,2,55,52.783665
2023-12-18,3,2,43,43.558956
2023-12-19,3,2,39,40.134876
2023-12-20,3,2,40,40.134876
2023-12-21,3,2,41,40.134876
2023-12-22,3,2,43,41.960915
2023-12-23,3,2,52,53.853348
2023-12-24,3,2,100,101.04726
2023-12-25,3,2,44,41.23137
2023-12-26,3,2,46,40.625797
2023-12-27,3,2,40,39.938587
2023-12-28,3,2,39,39.84525
2023-12-29,3,2,38,40.461765
2023-12-30,3,2,54,53.319527
2023-12-31,3,2,55,53.653713
2023-12-01,3,3,147,141.71486
2023-12-02,3,3,176,164.08275
2023-12-03,3,3,200,169.24216
2023-12-04,3,3,155,149.50934
2023-12-05,3,3,126,142.55315
2023-12-06,3,3,118,135.16121
2023-12-07,3,3,146,143.53922
2023-12-08,3,3,136,130.24745
2023-12-09,3,3,198,177.6193
2023-12-10,3,3,189,177.8869
2023-12-11,3,3,136,148.5116
2023-12-12,3,3,144,140.86385
2023-12-13,3,3,131,138.43192
2023-12-14,3,3,135,134.20248
2023-12-15,3,3,115,134.08438
2023-12-16,3,3,0,191.35504
2023-12-17,3,3,190,167.70784
2023-12-18,3,3,128,127.8699
2023-12-19,3,3,115,124.38519
2023-12-20,3,3,150,124.73676
2023-12-21,3,3,154,127.69855
2023-12-22,3,3,161,120.50145
2023-12-23,3,3,172,174.83235
2023-12-24,3,3,356,350.8745
2023-12-25,3,3,154,143.69885
2023-12-26,3,3,143,143.76752
2023-12-27,3,3,156,139.70139
2023-12-28,3,3,146,140.16771
2023-12-29,3,3,161,144.95091
2023-12-30,3,3,205,189.49823
2023-12-31,3,3,155,139.01184
2023-12-01,3,4,106,119.231544
2023-12-02,3,4,146,131.52061
2023-12-03,3,4,163,135.30946
2023-12-04,3,4,108,124.17682
2023-12-05,3,4,124,114.80157
2023-12-06,3,4,119,113.67481
2023-12-07,3,4,134,120.66778
2023-12-08,3,4,108,121.08291
2023-12-09,3,4,151,155.21483
2023-12-10,3,4,162,147.23976
2023-12-11,3,4,112,122.56275
2023-12-12,3,4,121,118.23258
2023-12-13,3,4,132,117.83905
2023-12-14,3,4,110,121.34079
2023-12-15,3,4,128,118.886314
2023-12-16,3,4,162,158.8586
2023-12-17,3,4,185,155.90854
2023-12-18,3,4,122,121.28537
2023-12-19,3,4,117,126.53313
2023-12-20,3,4,134,126.97922
2023-12-21,3,4,112,126.61664
2023-12-22,3,4,112,125.384094
2023-12-23,3,4,158,173.72723
2023-12-24,3,4,299,325.91898
2023-12-25,3,4,136,123.61686
2023-12-26,3,4,138,126.15054
2023-12-27,3,4,144,121.23785
2023-12-28,3,4,124,125.954544
2023-12-29,3,4,100,126.70047
2023-12-30,3,4,147,173.02579
2023-12-31,3,4,159,161.35521
2023-12-01,3,5,52,48.661667
2023-12-02,3,5,72,56.887203
2023-12-03,3,5,72,61.19931
2023-12-04,3,5,44,53.157505
2023-12-05,3,5,0,52.271442
2023-12-06,3,5,53,47.00975
2023-12-07,3,5,59,50.650993
2023-12-08,3,5,61,47.458115
2023-12-09,3,5,64,63.212166
2023-12-10,3,5,60,66.10598
2023-12-11,3,5,48,46.287342
2023-12-12,3,5,53,49.083916
2023-12-13,3,5,51,52.888718
2023-12-14,3,5,49,52.22652
2023-12-15,3,5,48,53.07154
2023-12-16,3,5,70,65.95496
2023-12-17,3,5,65,62.07299
2023-12-18,3,5,57,50.732574
2023-12-19,3,5,52,52.66462
2023-12-20,3,5,44,52.055016
2023-12-21,3,5,54,51.49736
2023-12-22,3,5,52,51.49736
2023-12-23,3,5,0,69.9975
2023-12-24,3,5,130,124.15073
2023-12-25,3,5,48,48.171055
2023-12-26,3,5,49,43.8875
2023-12-27,3,5,37,42.340862
2023-12-28,3,5,51,43.986504
2023-12-29,3,5,55,43.089493
2023-12-30,3,5,78,63.507282
2023-12-31,3,5,74,63.599533
2023-12-01,3,6,183,162.8348
2023-12-02,3,6,224,204.42645
2023-12-03,3,6,209,209.97047
2023-12-04,3,6,131,174.22623
2023-12-05,3,6,149,171.203
2023-12-06,3,6,142,139.53323
2023-12-07,3,6,144,141.5581
2023-12-08,3,6,158,156.9317
2023-12-09,3,6,217,206.53746
2023-12-10,3,6,225,199.01828
2023-12-11,3,6,149,152.31287
2023-12-12,3,6,195,157.42119
2023-12-13,3,6,153,157.41
2023-12-14,3,6,181,152.32011
2023-12-15,3,6,170,158.66504
2023-12-16,3,6,198,206.65112
2023-12-17,3,6,212,199.45427
2023-12-18,3,6,126,157.91966
2023-12-19,3,6,155,163.6122
2023-12-20,3,6,143,153.6233
2023-12-21,3,6,123,160.2412
2023-12-22,3,6,151,160.64284
2023-12-23,3,6,174,194.6202
2023-12-24,3,6,0,373.8505
2023-12-25,3,6,161,142.63486
2023-12-26,3,6,159,141.42854
2023-12-27,3,6,185,141.07692
2023-12-28,3,6,163,135.39796
2023-12-29,3,6,170,142.54465
2023-12-30,3,6,187,193.35124
2023-12-31,3,6,231,180.46771
2023-12-01,3,7,168,159.23528
2023-12-02,3,7,192,204.12076
2023-12-03,3,7,198,205.96687
2023-12-04,3,7,167,164.30957
2023-12-05,3,7,197,161.61299
2023-12-06,3,7,151,144.76363
2023-12-07,3,7,173,156.39725
2023-12-08,3,7,175,162.80772
2023-12-09,3,7,215,209.19691
2023-12-10,3,7,172,206.62704
2023-12-11,3,7,164,166.3307
2023-12-12,3,7,177,165.7096
2023-12-13,3,7,143,160.45293
2023-12-14,3,7,188,162.18408
2023-12-15,3,7,170,162.38094
2023-12-16,3,7,215,203.32132
2023-12-17,3,7,235,197.07558
2023-12-18,3,7,160,161.11916
2023-12-19,3,7,126,163.45761
2023-12-20,3,7,182,158.10384
2023-12-21,3,7,174,163.81636
2023-12-22,3,7,189,165.93555
2023-12-23,3,7,228,218.73979
2023-12-24,3,7,387,386.39075
2023-12-25,3,7,152,168.32954
2023-12-26,3,7,162,165.05699
2023-12-27,3,7,159,168.783
2023-12-28,3,7,168,166.71469
2023-12-29,3,7,149,148.89265
2023-12-30,3,7,222,223.9419
2023-12-31,3,7,233,182.33766
2023-12-01,3,8,148,151.7153
2023-12-02,3,8,185,183.33464
2023-12-03,3,8,211,179.63261
2023-12-04,3,8,147,149.22987
2023-12-05,3,8,140,143.95856
2023-12-06,3,8,138,140.32948
2023-12-07,3,8,145,136.30164
2023-12-08,3,8,139,148.03801
2023-12-09,3,8,182,195.71727
2023-12-10,3,8,161,200.90323
2023-12-11,3,8,144,143.63861
2023-12-12,3,8,124,144.68657
2023-12-13,3,8,141,138.90608
2023-12-14,3,8,143,132.14702
2023-12-15,3,8,149,134.46852
2023-12-16,3,8,196,190.08272
2023-12-17,3,8,174,182.73524
2023-12-18,3,8,127,140.95168
2023-12-19,3,8,154,136.8677
2023-12-20,3,8,134,141.51573
2023-12-21,3,8,156,143.51054
2023-12-22,3,8,141,144.50443
2023-12-23,3,8,164,189.89944
2023-12-24,3,8,287,383.2347
2023-12-25,3,8,137,140.75665
2023-12-26,3,8,151,137.18498
2023-12-27,3,8,157,136.33163
2023-12-28,3,8,114,141.84409
2023-12-29,3,8,163,135.17436
2023-12-30,3,8,181,183.5325
2023-12-31,3,8,192,127.89781
2023-12-01,3,9,117,146.13165
2023-12-02,3,9,202,172.49406
2023-12-03,3,9,183,182.94637
2023-12-04,3,9,177,142.66902
2023-12-05,3,9,134,135.43994
2023-12-06,3,9,138,130.51515
2023-12-07,3,9,147,136.72095
2023-12-08,3,9,155,141.2105
2023-12-09,3,9,178,195.15637
2023-12-10,3,9,196,189.376
2023-12-11,3,9,151,153.02234
2023-12-12,3,9,139,141.8481
2023-12-13,3,9,140,139.56114
2023-12-14,3,9,149,135.12358
2023-12-15,3,9,118,146.5275
2023-12-16,3,9,177,186.93063
2023-12-17,3,9,199,177.75444
2023-12-18,3,9,173,144.89027
2023-12-19,3,9,144,144.40321
2023-12-20,3,9,149,143.51054
2023-12-21,3,9,148,145.87247
2023-12-22,3,9,134,143.75441
2023-12-23,3,9,168,192.86107
2023-12-24,3,9,390,374.02982
2023-12-25,3,9,140,135.97604
2023-12-26,3,9,161,149.34854
2023-12-27,3,9,158,144.61139
2023-12-28,3,9,108,144.61139
2023-12-29,3,9,132,138.37813
2023-12-30,3,9,171,175.06528
2023-12-31,3,9,199,185.31155
2023-12-01,3,10,168,159.86435
2023-12-02,3,10,202,208.1862
2023-12-03,3,10,177,218.98233
2023-12-04,3,10,188,167.81033
2023-12-05,3,10,144,161.82178
2023-12-06,3,10,141,151.85905
2023-12-07,3,10,176,144.1778
2023-12-08,3,10,154,160.85391
2023-12-09,3,10,198,197.68835
2023-12-10,3,10,203,202.4296
2023-12-11,3,10,177,169.50548
2023-12-12,3,10,153,155.4607
2023-12-13,3,10,189,157.07321
2023-12-14,3,10,191,161.12589
2023-12-15,3,10,154,160.23918
2023-12-16,3,10,219,201.01546
2023-12-17,3,10,168,200.0662
2023-12-18,3,10,173,162.90686
2023-12-19,3,10,161,163.66707
2023-12-20,3,10,184,165.72746
2023-12-21,3,10,164,167.13062
2023-12-22,3,10,148,162.2777
2023-12-23,3,10,204,222.07886
2023-12-24,3,10,387,340.43887
2023-12-25,3,10,166,165.62277
2023-12-26,3,10,149,172.98424
2023-12-27,3,10,158,169.1572
2023-12-28,3,10,182,165.77911
2023-12-29,3,10,197,162.6662
2023-12-30,3,10,244,227.40645
2023-12-31,3,10,240,195.26553
2023-12-01,4,1,58,50.13913
2023-12-02,4,1,61,63.279095
2023-12-03,4,1,68,64.55134
2023-12-04,4,1,54,51.770363
2023-12-05,4,1,55,51.350025
2023-12-06,4,1,56,51.27227
2023-12-07,4,1,52,55.06224
2023-12-08,4,1,52,52.080093
2023-12-09,4,1,67,65.83481
2023-12-10,4,1,66,69.32141
2023-12-11,4,1,56,53.082783
2023-12-12,4,1,46,53.39431
2023-12-13,4,1,45,53.20272
2023-12-14,4,1,49,50.535328
2023-12-15,4,1,59,49.82445
2023-12-16,4,1,67,68.51955
2023-12-17,4,1,70,65.60288
2023-12-18,4,1,50,52.355858
2023-12-19,4,1,40,51.500126
2023-12-20,4,1,56,50.1388
2023-12-21,4,1,48,51.99097
2023-12-22,4,1,55,53.46199
2023-12-23,4,1,65,72.8206
2023-12-24,4,1,120,130.13837
2023-12-25,4,1,53,52.070805
2023-12-26,4,1,53,50.59956
2023-12-27,4,1,50,51.96097
2023-12-28,4,1,53,50.09047
2023-12-29,4,1,54,51.96097
2023-12-30,4,1,66,70.50545
2023-12-31,4,1,63,61.250294
2023-12-01,4,2,16,23.899595
2023-12-02,4,2,29,35.21667
2023-12-03,4,2,29,27.630547
2023-12-04,4,2,19,23.64674
2023-12-05,4,2,20,22.714115
2023-12-06,4,2,18,21.570198
2023-12-07,4,2,20,21.577866
2023-12-08,4,2,18,19.701485
2023-12-09,4,2,23,27.248291
2023-12-10,4,2,30,27.494278
2023-12-11,4,2,21,21.130363
2023-12-12,4,2,21,21.511013
2023-12-13,4,2,20,19.68235
2023-12-14,4,2,22,20.862263
2023-12-15,4,2,21,19.798965
2023-12-16,4,2,0,26.420479
2023-12-17,4,2,28,28.292694
2023-12-18,4,2,20,20.568932
2023-12-19,4,2,24,20.68327
2023-12-20,4,2,19,21.22688
2023-12-21,4,2,18,21.416862
2023-12-22,4,2,22,20.68327
2023-12-23,4,2,28,23.018349
2023-12-24,4,2,48,54.223904
2023-12-25,4,2,25,20.478756
2023-12-26,4,2,20,22.189476
2023-12-27,4,2,17,19.275898
2023-12-28,4,2,19,18.886253
2023-12-29,4,2,20,18.704315
2023-12-30,4,2,28,25.375248
2023-12-31,4,2,28,27.9641
2023-12-01,4,3,76,69.58593
2023-12-02,4,3,99,70.34334
2023-12-03,4,3,85,84.233955
2023-12-04,4,3,58,71.70777
2023-12-05,4,3,70,70.67861
2023-12-06,4,3,69,65.89829
2023-12-07,4,3,68,69.31646
2023-12-08,4,3,62,70.34662
2023-12-09,4,3,72,89.355484
2023-12-10,4,3,77,85.4984
2023-12-11,4,3,75,63.63461
2023-12-12,4,3,68,66.60015
2023-12-13,4,3,67,66.31011
2023-12-14,4,3,71,65.01035
2023-12-15,4,3,75,64.986374
2023-12-16,4,3,93,85.001045
2023-12-17,4,3,78,83.84936
2023-12-18,4,3,79,69.140015
2023-12-19,4,3,73,68.689644
2023-12-20,4,3,72,68.63533
2023-12-21,4,3,78,69.33216
2023-12-22,4,3,67,70.32278
2023-12-23,4,3,102,93.61441
2023-12-24,4,3,170,166.77274
2023-12-25,4,3,74,72.01934
2023-12-26,4,3,65,65.1081
2023-12-27,4,3,56,68.350426
2023-12-28,4,3,61,69.84485
2023-12-29,4,3,65,69.491974
2023-12-30,4,3,83,95.28192
2023-12-31,4,3,85,86.9356
2023-12-01,4,4,55,59.419724
2023-12-02,4,4,76,70.04759
2023-12-03,4,4,70,69.85685
2023-12-04,4,4,61,56.422848
2023-12-05,4,4,57,58.179466
2023-12-06,4,4,55,56.15864
2023-12-07,4,4,63,57.773235
2023-12-08,4,4,68,57.191067
2023-12-09,4,4,82,76.360306
2023-12-10,4,4,86,74.366394
2023-12-11,4,4,61,59.567146
2023-12-12,4,4,61,60.043976
2023-12-13,4,4,58,60.971275
2023-12-14,4,4,58,61.73458
2023-12-15,4,4,52,61.81826
2023-12-16,4,4,80,78.95821
2023-12-17,4,4,72,76.40503
2023-12-18,4,4,56,58.240128
2023-12-19,4,4,63,58.615128
2023-12-20,4,4,65,58.01268
2023-12-21,4,4,53,58.124214
2023-12-22,4,4,50,58.80309
2023-12-23,4,4,80,80.57942
2023-12-24,4,4,174,135.06949
2023-12-25,4,4,56,60.511482
2023-12-26,4,4,61,59.116486
2023-12-27,4,4,66,58.966885
2023-12-28,4,4,45,58.789036
2023-12-29,4,4,56,59.639027
2023-12-30,4,4,70,79.00199
2023-12-31,4,4,70,71.18272
2023-12-01,4,5,25,25.709572
2023-12-02,4,5,29,33.43139
2023-12-03,4,5,34,30.37564
2023-12-04,4,5,26,24.766285
2023-12-05,4,5,24,26.419952
2023-12-06,4,5,21,25.741821
2023-12-07,4,5,23,25.485958
2023-12-08,4,5,25,24.560978
2023-12-09,4,5,26,31.314323
2023-12-10,4,5,31,34.575428
2023-12-11,4,5,25,25.240417
2023-12-12,4,5,22,25.446503
2023-12-13,4,5,22,23.286602
2023-12-14,4,5,21,24.62394
2023-12-15,4,5,26,24.783493
2023-12-16,4,5,35,29.00933
2023-12-17,4,5,35,32.42633
2023-12-18,4,5,22,25.978458
2023-12-19,4,5,29,24.728844
2023-12-20,4,5,27,24.345978
2023-12-21,4,5,22,24.15599
2023-12-22,4,5,27,26.32954
2023-12-23,4,5,29,34.33256
2023-12-24,4,5,65,64.85812
2023-12-25,4,5,26,24.438011
2023-12-26,4,5,26,25.516201
2023-12-27,4,5,26,24.672749
2023-12-28,4,5,27,22.473583
2023-12-29,4,5,30,24.158466
2023-12-30,4,5,24,30.250042
2023-12-31,4,5,34,33.791553
2023-12-01,4,6,78,76.09217
2023-12-02,4,6,87,93.545334
2023-12-03,4,6,101,96.51589
2023-12-04,4,6,72,80.6333
2023-12-05,4,6,87,79.56826
2023-12-06,4,6,80,75.03272
2023-12-07,4,6,76,74.4478
2023-12-08,4,6,77,75.58763
2023-12-09,4,6,103,95.1835
2023-12-10,4,6,87,99.49087
2023-12-11,4,6,65,79.17842
2023-12-12,4,6,74,78.67212
2023-12-13,4,6,74,76.8009
2023-12-14,4,6,71,74.402855
2023-12-15,4,6,80,73.00735
2023-12-16,4,6,110,95.275734
2023-12-17,4,6,95,92.0051
2023-12-18,4,6,72,75.08861
2023-12-19,4,6,74,77.6769
2023-12-20,4,6,65,77.50038
2023-12-21,4,6,66,75.53583
2023-12-22,4,6,84,75.69539
2023-12-23,4,6,92,100.42148
2023-12-24,4,6,209,190.01714
2023-12-25,4,6,85,71.518776
2023-12-26,4,6,87,75.65024
2023-12-27,4,6,90,74.89101
2023-12-28,4,6,73,78.90343
2023-12-29,4,6,80,79.3769
2023-12-30,4,6,103,105.74901
2023-12-31,4,6,122,96.49907
2023-12-01,4,7,79,81.45987
2023-12-02,4,7,113,105.328316
2023-12-03,4,7,99,100.66365
2023-12-04,4,7,80,84.73277
2023-12-05,4,7,78,84.53403
2023-12-06,4,7,72,79.499214
2023-12-07,4,7,77,84.0023
2023-12-08,4,7,79,74.30182
2023-12-09,4,7,102,101.61141
2023-12-10,4,7,117,102.49639
2023-12-11,4,7,79,77.06429
2023-12-12,4,7,66,77.53396
2023-12-13,4,7,73,76.18016
2023-12-14,4,7,79,74.852585
2023-12-15,4,7,81,78.1562
2023-12-16,4,7,102,106.93794
2023-12-17,4,7,109,101.65009
2023-12-18,4,7,87,78.42232
2023-12-19,4,7,78,79.9236
2023-12-20,4,7,74,80.02692
2023-12-21,4,7,73,79.87758
2023-12-22,4,7,73,79.26848
2023-12-23,4,7,96,110.81207
2023-12-24,4,7,186,193.42682
2023-12-25,4,7,84,72.96558
2023-12-26,4,7,85,73.093506
2023-12-27,4,7,82,76.59255
2023-12-28,4,7,69,77.261154
2023-12-29,4,7,83,77.38659
2023-12-30,4,7,104,106.603874
2023-12-31,4,7,0,94.06649
2023-12-01,4,8,64,70.97992
2023-12-02,4,8,106,85.77284
2023-12-03,4,8,89,86.902916
2023-12-04,4,8,0,71.99782
2023-12-05,4,8,64,67.68898
2023-12-06,4,8,60,59.944
2023-12-07,4,8,63,62.318375
2023-12-08,4,8,71,62.195503
2023-12-09,4,8,88,82.09865
2023-12-10,4,8,88,79.43926
2023-12-11,4,8,67,68.41209
2023-12-12,4,8,74,67.6772
2023-12-13,4,8,86,68.02426
2023-12-14,4,8,66,66.77336
2023-12-15,4,8,65,67.34598
2023-12-16,4,8,83,91.50713
2023-12-17,4,8,102,89.84554
2023-12-18,4,8,76,68.29232
2023-12-19,4,8,65,70.1567
2023-12-20,4,8,69,76.693115
2023-12-21,4,8,62,67.87958
2023-12-22,4,8,85,68.05931
2023-12-23,4,8,81,88.73787
2023-12-24,4,8,150,177.60092
2023-12-25,4,8,76,67.29735
2023-12-26,4,8,66,67.81082
2023-12-27,4,8,66,67.90998
2023-12-28,4,8,58,68.01826
2023-12-29,4,8,80,66.777824
2023-12-30,4,8,79,85.74438
2023-12-31,4,8,86,84.59109
2023-12-01,4,9,78,74.386566
2023-12-02,4,9,81,89.18946
2023-12-03,4,9,89,90.20032
2023-12-04,4,9,65,71.85339
2023-12-05,4,9,84,74.01461
2023-12-06,4,9,72,67.37622
2023-12-07,4,9,79,70.99115
2023-12-08,4,9,73,68.76924
2023-12-09,4,9,87,88.49829
2023-12-10,4,9,80,93.723656
2023-12-11,4,9,71,69.56387
2023-12-12,4,9,59,75.55345
2023-12-13,4,9,62,69.007095
2023-12-14,4,9,57,71.95003
2023-12-15,4,9,75,68.86122
2023-12-16,4,9,84,87.75796
2023-12-17,4,9,85,86.15884
2023-12-18,4,9,67,67.1818
2023-12-19,4,9,62,67.27571
2023-12-20,4,9,67,66.95743
2023-12-21,4,9,62,67.20705
2023-12-22,4,9,66,69.17453
2023-12-23,4,9,105,88.36246
2023-12-24,4,9,197,182.4216
2023-12-25,4,9,75,69.31411
2023-12-26,4,9,56,66.365585
2023-12-27,4,9,64,67.57686
2023-12-28,4,9,54,67.94488
2023-12-29,4,9,79,67.57686
2023-12-30,4,9,93,98.009155
2023-12-31,4,9,91,88.31428
2023-12-01,4,10,77,76.89763
2023-12-02,4,10,110,93.471344
2023-12-03,4,10,102,95.76169
2023-12-04,4,10,79,84.61438
2023-12-05,4,10,74,81.47275
2023-12-06,4,10,85,75.1229
2023-12-07,4,10,76,80.88931
2023-12-08,4,10,75,74.7711
2023-12-09,4,10,111,102.13871
2023-12-10,4,10,93,100.282715
2023-12-11,4,10,103,75.16056
2023-12-12,4,10,57,78.867546
2023-12-13,4,10,71,75.90065
2023-12-14,4,10,74,76.341995
2023-12-15,4,10,78,76.51852
2023-12-16,4,10,116,102.77329
2023-12-17,4,10,102,98.42862
2023-12-18,4,10,97,87.34728
2023-12-19,4,10,95,79.7517
2023-12-20,4,10,89,76.90405
2023-12-21,4,10,86,80.84154
2023-12-22,4,10,82,81.38005
2023-12-23,4,10,87,114.293
2023-12-24,4,10,238,220.21487
2023-12-25,4,10,87,62.451794
2023-12-26,4,10,73,80.86805
2023-12-27,4,10,80,78.319244
2023-12-28,4,10,69,78.5716
2023-12-29,4,10,68,78.5716
2023-12-30,4,10,130,104.73888
2023-12-31,4,10,107,92.20892
2023-12-01,5,1,128,117.50355
2023-12-02,5,1,160,127.07607
2023-12-03,5,1,160,137.87082
2023-12-04,5,1,110,123.44316
2023-12-05,5,1,88,120.163925
2023-12-06,5,1,96,112.36103
2023-12-07,5,1,96,116.00779
2023-12-08,5,1,110,114.68388
2023-12-09,5,1,157,133.29381
2023-12-10,5,1,174,136.68198
2023-12-11,5,1,114,114.61006
2023-12-12,5,1,96,112.57397
2023-12-13,5,1,109,109.26168
2023-12-14,5,1,115,111.983025
2023-12-15,5,1,112,112.37768
2023-12-16,5,1,134,147.10275
2023-12-17,5,1,129,142.09286
2023-12-18,5,1,101,112.76592
2023-12-19,5,1,114,110.46346
2023-12-20,5,1,96,109.64313
2023-12-21,5,1,108,114.40741
2023-12-22,5,1,109,111.349335
2023-12-23,5,1,167,135.77411
2023-12-24,5,1,334,276.5219
2023-12-25,5,1,120,99.93191
2023-12-26,5,1,110,121.958374
2023-12-27,5,1,118,115.98733
2023-12-28,5,1,111,121.94632
2023-12-29,5,1,118,121.74418
2023-12-30,5,1,153,156.41246
2023-12-31,5,1,167,148.77908
2023-12-01,5,2,49,48.15977
2023-12-02,5,2,66,58.03186
2023-12-03,5,2,56,58.60763
2023-12-04,5,2,48,46.335598
2023-12-05,5,2,44,46.00451
2023-12-06,5,2,41,48.73592
2023-12-07,5,2,48,48.73592
2023-12-08,5,2,47,44.873585
2023-12-09,5,2,49,61.52046
2023-12-10,5,2,68,59.773773
2023-12-11,5,2,44,46.897644
2023-12-12,5,2,38,46.359997
2023-12-13,5,2,43,46.558006
2023-12-14,5,2,46,45.113174
2023-12-15,5,2,52,45.709778
2023-12-16,5,2,61,56.670074
2023-12-17,5,2,62,61.304714
2023-12-18,5,2,41,45.512062
2023-12-19,5,2,45,45.292633
2023-12-20,5,2,40,45.675613
2023-12-21,5,2,48,46.128845
2023-12-22,5,2,43,47.01173
2023-12-23,5,2,49,60.979866
2023-12-24,5,2,117,118.206566
2023-12-25,5,2,46,46.855522
2023-12-26,5,2,40,44.863903
2023-12-27,5,2,50,43.863926
2023-12-28,5,2,51,44.379307
2023-12-29,5,2,0,44.434593
2023-12-30,5,2,58,53.654163
2023-12-31,5,2,61,52.857277
2023-12-01,5,3,148,149.58955
2023-12-02,5,3,209,173.05333
2023-12-03,5,3,206,191.67363
2023-12-04,5,3,167,153.88565
2023-12-05,5,3,166,162.12054
2023-12-06,5,3,167,135.61787
2023-12-07,5,3,164,118.11435
2023-12-08,5,3,144,151.21889
2023-12-09,5,3,203,206.93605
2023-12-10,5,3,206,185.48051
2023-12-11,5,3,165,158.1129
2023-12-12,5,3,150,158.6251
2023-12-13,5,3,161,152.93347
2023-12-14,5,3,139,150.29286
2023-12-15,5,3,158,141.88687
2023-12-16,5,3,222,191.22234
2023-12-17,5,3,161,187.92348
2023-12-18,5,3,0,152.5269
2023-12-19,5,3,144,144.80743
2023-12-20,5,3,140,152.29881
2023-12-21,5,3,142,138.77286
2023-12-22,5,3,152,147.59688
2023-12-23,5,3,188,177.22131
2023-12-24,5,3,375,352.31586
2023-12-25,5,3,135,139.04048
2023-12-26,5,3,151,146.59818
2023-12-27,5,3,146,143.02165
2023-12-28,5,3,143,137.47206
2023-12-29,5,3,151,134.98683
2023-12-30,5,3,212,194.1254
2023-12-31,5,3,185,147.08496
2023-12-01,5,4,144,141.54083
2023-12-02,5,4,162,146.6973
2023-12-03,5,4,138,163.7456
2023-12-04,5,4,141,135.57666
2023-12-05,5,4,129,133.45683
2023-12-06,5,4,155,131.7554
2023-12-07,5,4,144,129.941
2023-12-08,5,4,122,133.0487
2023-12-09,5,4,189,168.97166
2023-12-10,5,4,150,158.18503
2023-12-11,5,4,127,138.72533
2023-12-12,5,4,145,132.3565
2023-12-13,5,4,146,147.72519
2023-12-14,5,4,116,134.80249
2023-12-15,5,4,140,130.42128
2023-12-16,5,4,162,184.73903
2023-12-17,5,4,196,170.65088
2023-12-18,5,4,138,134.27419
2023-12-19,5,4,136,135.03462
2023-12-20,5,4,115,136.55417
2023-12-21,5,4,128,131.15791
2023-12-22,5,4,143,135.28885
2023-12-23,5,4,169,190.9011
2023-12-24,5,4,280,365.8239
2023-12-25,5,4,116,133.60239
2023-12-26,5,4,132,136.2055
2023-12-27,5,4,121,131.99857
2023-12-28,5,4,124,131.87363
2023-12-29,5,4,135,132.60852
2023-12-30,5,4,127,177.23468
2023-12-31,5,4,160,155.17964
2023-12-01,5,5,49,57.954124
2023-12-02,5,5,68,68.96546
2023-12-03,5,5,73,65.54766
2023-12-04,5,5,52,55.632553
2023-12-05,5,5,58,54.17568
2023-12-06,5,5,55,53.763126
2023-12-07,5,5,63,56.19797
2023-12-08,5,5,59,52.957787
2023-12-09,5,5,76,71.40703
2023-12-10,5,5,0,73.70929
2023-12-11,5,5,46,48.53709
2023-12-12,5,5,57,51.289116
2023-12-13,5,5,58,50.84647
2023-12-14,5,5,45,55.119938
2023-12-15,5,5,53,51.52525
2023-12-16,5,5,73,66.46834
2023-12-17,5,5,77,62.59141
2023-12-18,5,5,55,52.070007
2023-12-19,5,5,49,53.65682
2023-12-20,5,5,52,53.249847
2023-12-21,5,5,50,52.179134
2023-12-22,5,5,60,53.972015
2023-12-23,5,5,61,77.93917
2023-12-24,5,5,167,130.8767
2023-12-25,5,5,61,58.64578
2023-12-26,5,5,56,56.383114
2023-12-27,5,5,57,56.936707
2023-12-28,5,5,57,57.423927
2023-12-29,5,5,42,58.148193
2023-12-30,5,5,67,73.10133
2023-12-31,5,5,69,69.9958
2023-12-01,5,6,165,169.46555
2023-12-02,5,6,0,203.73573
2023-12-03,5,6,234,203.19035
2023-12-04,5,6,142,149.38574
2023-12-05,5,6,172,148.62717
2023-12-06,5,6,168,147.49162
2023-12-07,5,6,176,139.76651
2023-12-08,5,6,149,162.22824
2023-12-09,5,6,214,203.5799
2023-12-10,5,6,220,219.99379
2023-12-11,5,6,180,172.23837
2023-12-12,5,6,168,170.48463
2023-12-13,5,6,171,169.2487
2023-12-14,5,6,166,164.63449
2023-12-15,5,6,185,159.72939
2023-12-16,5,6,185,204.76558
2023-12-17,5,6,221,208.67432
2023-12-18,5,6,189,165.55965
2023-12-19,5,6,212,168.72073
2023-12-20,5,6,169,176.67427
2023-12-21,5,6,183,173.4144
2023-12-22,5,6,158,175.00412
2023-12-23,5,6,234,224.38562
2023-12-24,5,6,401,395.38556
2023-12-25,5,6,164,174.75496
2023-12-26,5,6,181,171.49239
2023-12-27,5,6,165,172.97177
2023-12-28,5,6,151,172.97177
2023-12-29,5,6,150,166.40227
2023-12-30,5,6,199,213.86012
2023-12-31,5,6,246,177.88121
2023-12-01,5,7,184,169.65636
2023-12-02,5,7,205,216.01605
2023-12-03,5,7,210,215.6474
2023-12-04,5,7,158,178.37085
2023-12-05,5,7,178,176.91727
2023-12-06,5,7,186,162.41687
2023-12-07,5,7,158,163.7649
2023-12-08,5,7,192,172.32974
2023-12-09,5,7,248,217.73386
2023-12-10,5,7,239,236.1116
2023-12-11,5,7,161,171.60881
2023-12-12,5,7,177,185.77695
2023-12-13,5,7,185,169.12663
2023-12-14,5,7,137,171.06514
2023-12-15,5,7,152,172.09969
2023-12-16,5,7,237,233.4355
2023-12-17,5,7,229,217.35495
2023-12-18,5,7,191,176.02214
2023-12-19,5,7,169,178.19327
2023-12-20,5,7,0,179.3667
2023-12-21,5,7,180,164.16768
2023-12-22,5,7,212,169.66428
2023-12-23,5,7,231,213.24377
2023-12-24,5,7,491,403.9761
2023-12-25,5,7,159,174.77824
2023-12-26,5,7,177,172.99294
2023-12-27,5,7,181,169.01042
2023-12-28,5,7,209,174.34715
2023-12-29,5,7,198,168.25737
2023-12-30,5,7,235,213.46616
2023-12-31,5,7,242,198.55717
2023-12-01,5,8,131,148.70195
2023-12-02,5,8,172,161.63582
2023-12-03,5,8,191,178.37982
2023-12-04,5,8,191,146.99562
2023-12-05,5,8,143,157.62646
2023-12-06,5,8,160,142.81117
2023-12-07,5,8,132,143.21576
2023-12-08,5,8,165,147.53038
2023-12-09,5,8,188,181.72523
2023-12-10,5,8,189,192.19353
2023-12-11,5,8,141,155.7619
2023-12-12,5,8,135,150.32451
2023-12-13,5,8,164,149.28864
2023-12-14,5,8,158,140.3831
2023-12-15,5,8,172,143.17848
2023-12-16,5,8,185,187.42865
2023-12-17,5,8,204,193.97766
2023-12-18,5,8,147,145.82333
2023-12-19,5,8,144,148.20114
2023-12-20,5,8,146,151.18723
2023-12-21,5,8,161,152.42569
2023-12-22,5,8,136,154.03377
2023-12-23,5,8,206,198.35612
2023-12-24,5,8,321,381.22513
2023-12-25,5,8,161,152.75922
2023-12-26,5,8,141,147.44006
2023-12-27,5,8,140,151.6696
2023-12-28,5,8,161,151.25241
2023-12-29,5,8,168,147.09012
2023-12-30,5,8,192,201.50629
2023-12-31,5,8,199,189.20233
2023-12-01,5,9,143,148.78976
2023-12-02,5,9,209,174.43607
2023-12-03,5,9,196,195.14288
2023-12-04,5,9,143,156.07732
2023-12-05,5,9,147,159.24304
2023-12-06,5,9,142,149.09944
2023-12-07,5,9,141,135.2898
2023-12-08,5,9,138,147.77193
2023-12-09,5,9,171,209.46588
2023-12-10,5,9,188,207.32256
2023-12-11,5,9,174,149.93762
2023-12-12,5,9,168,155.45627
2023-12-13,5,9,166,144.65053
2023-12-14,5,9,152,140.01082
2023-12-15,5,9,141,146.26285
2023-12-16,5,9,195,190.90375
2023-12-17,5,9,182,182.41971
2023-12-18,5,9,198,150.73721
2023-12-19,5,9,158,154.77138
2023-12-20,5,9,120,152.50648
2023-12-21,5,9,143,154.07584
2023-12-22,5,9,122,150.72392
2023-12-23,5,9,179,190.62315
2023-12-24,5,9,378,401.23636
2023-12-25,5,9,156,138.79384
2023-12-26,5,9,167,154.4752
2023-12-27,5,9,151,151.76767
2023-12-28,5,9,153,146.35638
2023-12-29,5,9,164,152.54321
2023-12-30,5,9,212,200.22664
2023-12-31,5,9,192,185.25195
2023-12-01,5,10,200,171.80562
2023-12-02,5,10,219,214.67395
2023-12-03,5,10,256,223.93445
2023-12-04,5,10,186,175.04874
2023-12-05,5,10,154,174.54312
2023-12-06,5,10,204,169.01277
2023-12-07,5,10,192,150.3025
2023-12-08,5,10,217,174.05823
2023-12-09,5,10,245,234.55602
2023-12-10,5,10,230,246.59033
2023-12-11,5,10,173,177.0714
2023-12-12,5,10,166,184.27592
2023-12-13,5,10,194,175.35844
2023-12-14,5,10,160,176.84386
2023-12-15,5,10,161,185.26392
2023-12-16,5,10,184,240.13004
2023-12-17,5,10,220,226.38197
2023-12-18,5,10,194,169.59996
2023-12-19,5,10,193,168.48738
2023-12-20,5,10,209,179.5434
2023-12-21,5,10,162,177.3614
2023-12-22,5,10,181,181.39969
2023-12-23,5,10,227,224.9158
2023-12-24,5,10,497,403.5716
2023-12-25,5,10,194,165.8623
2023-12-26,5,10,167,164.49348
2023-12-27,5,10,195,178.70857
2023-12-28,5,10,187,171.62949
2023-12-29,5,10,186,175.59087
2023-12-30,5,10,227,232.19542
2023-12-31,5,10,263,226.51022
